ID;Title;Description;Vendor;Type;Tags;Price
shampoo-for-sensible-hairs-smooth-902274192;Shampoo for sensible hairs (SMOOTH);"<p dir=""ltr"" data-mce-style=""line-height: 1.3800000000000001; text-align: justify; margin: 0pt 12.5pt 0pt 6pt;"" style=""color: rgb(0, 0, 0); font-family: Verdana, Arial, Helvetica, sans-serif; font-size: 11px; font-style: normal; font-variant-ligatures: normal; font-variant-caps: normal; font-weight: 400; letter-spacing: normal; orphans: 2; text-indent: 0px; text-transform: none; white-space: normal; widows: 2; word-spacing: 0px; -webkit-text-stroke-width: 0px; text-decoration-thickness: initial; text-decoration-style: initial; text-decoration-color: initial; line-height: 1.38; text-align: justify; margin: 0pt 12.5pt 0pt 6pt;""><br class=""Apple-interchange-newline""></p><p dir=""ltr"" data-mce-style=""line-height: 1.3800000000000001; text-align: justify; margin: 0pt 12.5pt 0pt 6pt;"" style=""color: rgb(0, 0, 0); font-family: Verdana, Arial, Helvetica, sans-serif; font-size: 11px; font-style: normal; font-variant-ligatures: normal; font-variant-caps: normal; font-weight: 400; letter-spacing: normal; orphans: 2; text-indent: 0px; text-transform: none; white-space: normal; widows: 2; word-spacing: 0px; -webkit-text-stroke-width: 0px; text-decoration-thickness: initial; text-decoration-style: initial; text-decoration-color: initial; line-height: 1.38; text-align: justify; margin: 0pt 12.5pt 0pt 6pt;""><span data-mce-style=""font-size: 11pt; font-family: Arial; color: #000000; background-color: transparent; font-weight: bold; font-style: normal; font-variant: normal; text-decoration: none; vertical-align: baseline; white-space: pre-wrap;"" style=""font-size: 11pt; font-family: Arial; color: rgb(0, 0, 0); background-color: transparent; font-weight: bold; font-style: normal; font-variant: normal; text-decoration: none; vertical-align: baseline; white-space: pre-wrap;"">Delicacy, harmony and balance in its purest form - that's Smooth. Great hair is all about balance, but it all starts with a healthy scalp. Smooth </span><span data-mce-style=""font-size: 11pt; font-family: Arial; color: #000000; background-color: transparent; font-weight: 400; font-style: normal; font-variant: normal; text-decoration: none; vertical-align: baseline; white-space: pre-wrap;"" style=""font-size: 11pt; font-family: Arial; color: rgb(0, 0, 0); background-color: transparent; font-weight: 400; font-style: normal; font-variant: normal; text-decoration: none; vertical-align: baseline; white-space: pre-wrap;"">is a </span><span data-mce-style=""font-size: 11pt; font-family: Arial; color: #000000; background-color: transparent; font-weight: bold; font-style: normal; font-variant: normal; text-decoration: none; vertical-align: baseline; white-space: pre-wrap;"" style=""font-size: 11pt; font-family: Arial; color: rgb(0, 0, 0); background-color: transparent; font-weight: bold; font-style: normal; font-variant: normal; text-decoration: none; vertical-align: baseline; white-space: pre-wrap;"">shampoo for sensitive scalps </span><span data-mce-style=""font-size: 11pt; font-family: Arial; color: #000000; background-color: transparent; font-weight: 400; font-style: normal; font-variant: normal; text-decoration: none; vertical-align: baseline; white-space: pre-wrap;"" style=""font-size: 11pt; font-family: Arial; color: rgb(0, 0, 0); background-color: transparent; font-weight: 400; font-style: normal; font-variant: normal; text-decoration: none; vertical-align: baseline; white-space: pre-wrap;"">with soothing, antioxidant and antiseptic active ingredients that reduce itchiness, dryness and irritation. Its delicate formula works by gently cleansing and soothing active irritation processes. It is specially designed for scalps prone to flaking.</span></p><p style=""color: rgb(0, 0, 0); font-family: Verdana, Arial, Helvetica, sans-serif; font-size: 11px; font-style: normal; font-variant-ligatures: normal; font-variant-caps: normal; font-weight: 400; letter-spacing: normal; orphans: 2; text-align: start; text-indent: 0px; text-transform: none; white-space: normal; widows: 2; word-spacing: 0px; -webkit-text-stroke-width: 0px; text-decoration-thickness: initial; text-decoration-style: initial; text-decoration-color: initial;""><b id=""docs-internal-guid-b5b9deae-7fff-6f93-55d2-f6b1b45d8662"" data-mce-style=""font-weight: normal;"" style=""font-weight: normal;""> </b></p><p dir=""ltr"" data-mce-style=""line-height: 1.3800000000000001; text-align: justify; margin: 0pt 12.45pt 0pt 6pt;"" style=""color: rgb(0, 0, 0); font-family: Verdana, Arial, Helvetica, sans-serif; font-size: 11px; font-style: normal; font-variant-ligatures: normal; font-variant-caps: normal; font-weight: 400; letter-spacing: normal; orphans: 2; text-indent: 0px; text-transform: none; white-space: normal; widows: 2; word-spacing: 0px; -webkit-text-stroke-width: 0px; text-decoration-thickness: initial; text-decoration-style: initial; text-decoration-color: initial; line-height: 1.38; text-align: justify; margin: 0pt 12.45pt 0pt 6pt;""><span data-mce-style=""font-size: 11pt; font-family: Arial; color: #000000; background-color: transparent; font-weight: bold; font-style: normal; font-variant: normal; text-decoration: none; vertical-align: baseline; white-space: pre-wrap;"" style=""font-size: 11pt; font-family: Arial; color: rgb(0, 0, 0); background-color: transparent; font-weight: bold; font-style: normal; font-variant: normal; text-decoration: none; vertical-align: baseline; white-space: pre-wrap;"">Its plant-based technologies based on soothing oils, calendula, burdock, camomile and xylitol harmonise the hair microbiota. Its </span><span data-mce-style=""font-size: 11pt; font-family: Arial; color: #000000; background-color: transparent; font-weight: 400; font-style: normal; font-variant: normal; text-decoration: none; vertical-align: baseline; white-space: pre-wrap;"" style=""font-size: 11pt; font-family: Arial; color: rgb(0, 0, 0); background-color: transparent; font-weight: 400; font-style: normal; font-variant: normal; text-decoration: none; vertical-align: baseline; white-space: pre-wrap;"">use is designed to treat both dry dandruff and oily dandruff. In addition, its formula is indicated in cases of mild dermatitis, such as hair irritations.</span></p><p style=""color: rgb(0, 0, 0); font-family: Verdana, Arial, Helvetica, sans-serif; font-size: 11px; font-style: normal; font-variant-ligatures: normal; font-variant-caps: normal; font-weight: 400; letter-spacing: normal; orphans: 2; text-align: start; text-indent: 0px; text-transform: none; white-space: normal; widows: 2; word-spacing: 0px; -webkit-text-stroke-width: 0px; text-decoration-thickness: initial; text-decoration-style: initial; text-decoration-color: initial;""><b data-mce-style=""font-weight: normal;"" style=""font-weight: normal;""><br></b></p><p dir=""ltr"" data-mce-style=""line-height: 1.3800000000000001; text-align: justify; margin: 0pt 12.85pt 0pt 6pt;"" style=""color: rgb(0, 0, 0); font-family: Verdana, Arial, Helvetica, sans-serif; font-size: 11px; font-style: normal; font-variant-ligatures: normal; font-variant-caps: normal; font-weight: 400; letter-spacing: normal; orphans: 2; text-indent: 0px; text-transform: none; white-space: normal; widows: 2; word-spacing: 0px; -webkit-text-stroke-width: 0px; text-decoration-thickness: initial; text-decoration-style: initial; text-decoration-color: initial; line-height: 1.38; text-align: justify; margin: 0pt 12.85pt 0pt 6pt;""><span data-mce-style=""font-size: 11pt; font-family: Arial; color: #000000; background-color: transparent; font-weight: 400; font-style: normal; font-variant: normal; text-decoration: none; vertical-align: baseline; white-space: pre-wrap;"" style=""font-size: 11pt; font-family: Arial; color: rgb(0, 0, 0); background-color: transparent; font-weight: 400; font-style: normal; font-variant: normal; text-decoration: none; vertical-align: baseline; white-space: pre-wrap;"">100 grams | Sulfate, silicone and paraben free shampoo | Suitable for pregnant women | Suitable for scalps with atopic dermatitis | Cruelty free and vegan | 100% natural ingredients </span><span data-mce-style=""font-size: 11pt; font-family: Arial; color: #000000; background-color: transparent; font-weight: 400; font-style: normal; font-variant: normal; text-decoration: none; vertical-align: baseline; white-space: pre-wrap;"" style=""font-size: 11pt; font-family: Arial; color: rgb(0, 0, 0); background-color: transparent; font-weight: 400; font-style: normal; font-variant: normal; text-decoration: none; vertical-align: baseline; white-space: pre-wrap;"">| 100% natural ingredients</span></p><p style=""color: rgb(0, 0, 0); font-family: Verdana, Arial, Helvetica, sans-serif; font-size: 11px; font-style: normal; font-variant-ligatures: normal; font-variant-caps: normal; font-weight: 400; letter-spacing: normal; orphans: 2; text-align: start; text-indent: 0px; text-transform: none; white-space: normal; widows: 2; word-spacing: 0px; -webkit-text-stroke-width: 0px; text-decoration-thickness: initial; text-decoration-style: initial; text-decoration-color: initial;""><br></p><p style=""color: rgb(0, 0, 0); font-family: Verdana, Arial, Helvetica, sans-serif; font-size: 11px; font-style: normal; font-variant-ligatures: normal; font-variant-caps: normal; font-weight: 400; letter-spacing: normal; orphans: 2; text-align: start; text-indent: 0px; text-transform: none; white-space: normal; widows: 2; word-spacing: 0px; -webkit-text-stroke-width: 0px; text-decoration-thickness: initial; text-decoration-style: initial; text-decoration-color: initial;""><span data-mce-style=""font-size: 11pt; font-family: Arial; color: #000000; background-color: transparent; font-weight: 400; font-style: normal; font-variant: normal; text-decoration: none; vertical-align: baseline; white-space: pre-wrap;"" style=""font-size: 11pt; font-family: Arial; color: rgb(0, 0, 0); background-color: transparent; font-weight: 400; font-style: normal; font-variant: normal; text-decoration: none; vertical-align: baseline; white-space: pre-wrap;""> </span></p>";Jade Eos;Haircare;Natural, organic;15.29
shampoo-for-sensible-hairs-smooth-902274192;;;;;;
stretch-velvet-turban-955209178;Stretch Velvet Turban;"<ul class=""tabNav"">
<!-- ENTER TABS NAMES BELLOW -->
<li><a href=""#tab-1"">Product Description</a></li>
<li><a href=""#tab-2"">Shipping</a></li>
<li><a href=""#tab-3"">Care</a></li>
</ul>
<div id=""tab-1"">
<!-- FIRST TAB CONTENT BELLOW --><meta charset=""utf-8"">
<p><span>A gorgeous stretch velvet covers the top of the head in this full turban. Cinched at back for comfort and a perfect fit.</span></p>
<p><span>-Stretch velvet 90% polyester 10% lycra</span></p>
<p><span>-Stretches to fit 21""-24""</span></p>
<p><span>-Made in USA</span></p>
<p><span> </span></p>
<!-- END FIRST TAB CONTENT -->
</div>
<br>
<div id=""tab-2"">
<!-- SECOND TAB CONTENT BELLOW -->Free Shipping within the USA: No matter where you are sending your order, we also offer express shipping across the globe. <a href="""" target=""_blank"" title=""shipping and Delivery"" rel=""noopener noreferrer"">Shipping Details.</a><!-- END SECOND TAB CONTENT -->
</div>
<br>
<div id=""tab-3"">Professional Dry Clean<!-- END THIRD TAB CONTENT -->
</div>
<div id=""tab-4""></div>";Cyan Ismene;Haircare;Beanie, Clothing, Hair, Turban;21.78
stretch-velvet-turban-955209178;;;;;;21.78
stretch-velvet-turban-955209178;;;;;;28.38
stretch-velvet-turban-955209178;;;;;;21.78
stretch-velvet-turban-955209178;;;;;;
stretch-velvet-turban-955209178;;;;;;
stretch-velvet-turban-955209178;;;;;;
stretch-velvet-turban-955209178;;;;;;
rhinestone-cleo-headpiece-953015681;Rhinestone Cleo Headpiece;"<ul class=""tabNav"">
<!-- ENTER TABS NAMES BELLOW -->
<li><a href=""#tab-1"">Product Description</a></li>
<li><a href=""#tab-2"">Shipping</a></li>
<li><a href=""#tab-3"">Care</a></li>
</ul>
<div id=""tab-1"">
<p>Marrying comfort and glamour, this headpiece features sparkling glass crystals in a deco style setting. Born when KP set out to design the perfect headpiece,  this piece stays put for hours and works well for most hair types. Attaches in the hair with an expertly hidden metal comb underneath the center front chain. One size fits all. </p>
</div>
<div id=""tab-2"">Free Shipping within the USA: No matter where you are sending your order, we also offer express shipping across the globe. <a href="""" target=""_blank"" title=""Shipping and Delivery"" rel=""noopener noreferrer"">Shipping Details.</a> <!-- END SECOND TAB CONTENT -->
</div>
<br>
<div id=""tab-3"">
<!-- THIRD TAB CONTENT BELLOW --> Polish with a dry cloth after each wear. Store in a dry place away from lotions and liquids. <!-- END THIRD TAB CONTENT -->
</div>";Cyan Ismene;Haircare;Clothing, Forehead, Hair, Hair accessory, Hairstyle, Headpiece;48.18
rhinestone-cleo-headpiece-953015681;;;;;;48.18
rhinestone-cleo-headpiece-953015681;;;;;;48.18
rhinestone-cleo-headpiece-953015681;;;;;;48.18
rhinestone-cleo-headpiece-953015681;;;;;;
rhinestone-cleo-headpiece-953015681;;;;;;
rhinestone-cleo-headpiece-953015681;;;;;;
rhinestone-cleo-headpiece-953015681;;;;;;
rhinestone-cleo-headpiece-953015681;;;;;;
rhinestone-cleo-headpiece-953015681;;;;;;
organic-bug-spray-bug-repellant-100880587;Organic Bug Spray Bug Repellant;"<p><meta charset=""utf-8""></p><div class=""product-single__description rte"" itemprop=""description"" style=""box-sizing: border-box; margin: 30px 0px; color: rgb(51, 51, 51); font-family: Electra, serif; font-size: 15px; font-style: normal; font-variant-ligatures: normal; font-variant-caps: normal; font-weight: 400; letter-spacing: normal; orphans: 2; text-align: start; text-indent: 0px; text-transform: none; white-space: normal; widows: 2; word-spacing: 0px; -webkit-text-stroke-width: 0px; background-color: rgb(255, 255, 255); text-decoration-style: initial; text-decoration-color: initial;"">This completely natural bug spray is perfect for those nighttime hikes in mosquito season. Made with a base of Organic Witch Hazel and essential oils, this light mist is great for kids and adults alike. This The Citronella oil keeps mosquitoes and black flies away, the organic Lavender oil keeps away black flies and head lice and the Sweet Orange oil keeps away fleas. You'll be covered from all those nasty !<br style=""box-sizing: border-box;""><br style=""box-sizing: border-box;"">Shake well before use. Spray as needed on exposed areas to keep away mosquitoes, black flies, fleas, ticks, and lice. Avoid spraying directly on the face. Use as needed. Bug Off! is all-natural and safe for the whole family. Deet and chemical-free to protect you and your family naturally!<br style=""box-sizing: border-box;""><br style=""box-sizing: border-box;"">Not recommended for children under 2.<br style=""box-sizing: border-box;""><br style=""box-sizing: border-box;"">Ingredients: Witch Hazel*, Citronella Oil*, Lavender Oil*, Sweet Orange Oil*<br style=""box-sizing: border-box;"">*Indicates Certified Organic<br style=""box-sizing: border-box;""><br style=""box-sizing: border-box;"">Other Info:<br style=""box-sizing: border-box;""><br style=""box-sizing: border-box;"">Organic<br style=""box-sizing: border-box;""><br style=""box-sizing: border-box;"">Completely cruelty-free<br style=""box-sizing: border-box;""><br style=""box-sizing: border-box;"">No sulfates, phthalates or parabens…ever<br style=""box-sizing: border-box;""><br style=""box-sizing: border-box;"">No synthetic dyes or fragrances<br style=""box-sizing: border-box;""><br style=""box-sizing: border-box;"">Completely all-natural and safe<br style=""box-sizing: border-box;""><br style=""box-sizing: border-box;"">Zero waste company<br style=""box-sizing: border-box;""><br style=""box-sizing: border-box;"">Packaging upcycled when possible<br style=""box-sizing: border-box;""><br style=""box-sizing: border-box;"">Everything is made with love &lt;3<br style=""box-sizing: border-box;""><br style=""box-sizing: border-box;"">***This product has not been approved by the FDA though the individual ingredients have. This is not intended to replace the advice of a physician nor is it intended to treat, cure or prevent any disease.</div><p><section class=""related-products"" style=""box-sizing: border-box; display: block; color: rgb(51, 51, 51); font-family: Electra, serif; font-size: 15px; font-style: normal; font-variant-ligatures: normal; font-variant-caps: normal; font-weight: 400; letter-spacing: normal; orphans: 2; text-align: start; text-indent: 0px; text-transform: none; white-space: normal; widows: 2; word-spacing: 0px; -webkit-text-stroke-width: 0px; background-color: rgb(255, 255, 255); text-decoration-style: initial; text-decoration-color: initial;""></section><br class=""Apple-interchange-newline""></p>";White Smokey;Healthcare;Bug, bug spray, Flea, Flies, Fly, Mosquitoes, natural, natural bug spray, organic, organic bug spray, repellant, Tick;16.55
organic-bug-spray-bug-repellant-100880587;;;;;;
organic-elderberry-syrup-1694164547;Organic Elderberry Syrup;"<p>Cold &amp; Flu Relief.

Immune Support.

Allergy Relief.

Made with only certified organic ingredients.
</p><p>
Fresh | Pure | Organic

Freshly made in small batches! </p><p>Nothing added to extend shelf-life! This is as close as you can get to eating the fresh elderberries off the bush! </p><p>It doesn't even compare to the processed elderberry products sitting on store shelfs forever. </p><p>For boosting your immune system &amp; prevention, enjoy 1 tbs. every single dayÑthis is the best form of self-care! </p><p>If you feel the onset of cold/flu or your allergies are acting up, up the dose to 3-4 tbs. a day. </p><p>Elderberry is also a natural laxative (in case you need that)! </p><p>Only real, highest-quality, certified organic ingredients. </p><p>We use our superb medicinal honey in this syrup!</p><p>It doesn't get healthier than this. </p><p>Freshness alert! Refrigerate &amp; enjoy within 6 months.</p>";Sky Blue Coeus;Healthcare;baby, elderberry, elderberry syrup, immune boost, immune support, kids, organic elderberry syrup, supplements, vegan;41.78
organic-elderberry-syrup-1694164547;;;;;;28.58
organic-elderberry-syrup-1694164547;;;;;;
organic-elderberry-syrup-1694164547;;;;;;
organic-elderberry-syrup-1694164547;;;;;;
portable-electric-hot-wax-melting-machine-for-hair-removal-1094410811;Portable Electric Hot Wax Melting Machine for Hair Removal;"<p data-mce-fragment=""1""><b data-mce-fragment=""1"">Descriptions:</b></p>
<ul data-mce-fragment=""1"">
<li data-mce-fragment=""1"">
<p data-mce-fragment=""1"">A wax hair remover machine is used for hair removal nursing, beauty care, and skin care.</p>
</li>
<li data-mce-fragment=""1"">
<p data-mce-fragment=""1"">Waxing melting uses durable heat-assisted material to prevent overheating more durable than many machines on the market. Capable of heating hard wax, canned wax, wax beads, Brazilian wax, and wax blocks. The wax warmer kit is body safe and can be used for the face, eyebrow, nose, lip, cheek, arms, armpit, chest, leg, hands, legs, bikini line, and private area.</p>
</li>
<li data-mce-fragment=""1"">
<p data-mce-fragment=""1"">This economical wax melter is the best gift in summer and can be given to family and friends to remove their unnecessary hair.</p>
</li>
</ul>
<p data-mce-fragment=""1""><b data-mce-fragment=""1"">Features:</b><strong data-mce-fragment=""1"">  </strong></p>
<p data-mce-fragment=""1"">    <b data-mce-fragment=""1"">[Easy Operation]</b></p>
<p data-mce-fragment=""1"">    Put the wax beads into the wax machine, and heat the wax to the flow state, using a spatula to stir the wax. Just heat the wax in the pot for 10 minutes and use the wooden applicator to apply.</p>
<p data-mce-fragment=""1""><span data-mce-fragment=""1"">    </span>Wax hardens by itself and you simply pull it off smoothly, without applying strips on top, for total body depilatory needs.</p>
<p data-mce-fragment=""1"">    <strong data-mce-fragment=""1"">[Nursing Your Body Skin]</strong></p>
<p data-mce-fragment=""1"">    Used for hair removal nursing, beauty care, and skin care.</p>
<p data-mce-fragment=""1"">    <b data-mce-fragment=""1"">[Multipurpose]</b></p>
<p data-mce-fragment=""1"">    Fits any type of wax including wax beads, hard wax, soft wax, 14-ounce wax cans, loose wax, bricks bikini wax, microwavable wax, and hair wax. A DIY beauty lover also can wax at home. Also can be used by women and men.</p>
<p data-mce-fragment=""1"">    <strong data-mce-fragment=""1"">[Durable and Light]</strong></p>
<p data-mce-fragment=""1"">    With high quality and high-temperature materials, electric cable, and plug, This wax kit for hair removal is very durable and light. it is irreplaceable for any waxing needs.</p>
<p data-mce-fragment=""1""><b data-mce-fragment=""1"">    [Easy Operation]</b></p>
<p data-mce-fragment=""1"">    You just need a wax heater pot, and wooden chip sticks to apply the wax to the area you want to deal with.</p>
<p data-mce-fragment=""1""><br></p>
<p data-mce-fragment=""1""><b data-mce-fragment=""1""><span data-mce-fragment=""1"">Specifications:</span></b></p>
<p data-mce-fragment=""1"">    Color: Black/White</p>
<p data-mce-fragment=""1"">    Size: 19x18x13cm</p>
<p data-mce-fragment=""1"">    Instrument net weight: 620g</p>
<p data-mce-fragment=""1""><br></p>
<p data-mce-fragment=""1""><b data-mce-fragment=""1""><span data-mce-fragment=""1"">Package Includes:</span></b></p>
<p data-mce-fragment=""1"">   1*Wax machine </p>
<p data-mce-fragment=""1""><br data-mce-fragment=""1""></p>
<p data-mce-fragment=""1""><b data-mce-fragment=""1""><span data-mce-fragment=""1"">How To Use:</span></b></p>
<p data-mce-fragment=""1""><b data-mce-fragment=""1"">   </b>1. Choose any hard wax beans of the flavor you like the most to remove your body hair.</p>
<p data-mce-fragment=""1"">   2. Melt the appropriate amount of hard wax beans in a wax warmer.</p>
<p data-mce-fragment=""1"">   3. Melt hard wax at maximum temperature, then tum the heating down to medium and let it cool until it's the consistency of honey. Allow 30 seconds to harden. As soon as the wax isn't sticky to touch, pull the wax quickly in the opposite direction of hair growth.</p>
<p data-mce-fragment=""1""><br data-mce-fragment=""1""></p>
<p data-mce-fragment=""1""><b data-mce-fragment=""1"">Notes:</b></p>
<p data-mce-fragment=""1""><span data-mce-fragment=""1"">   </span>1. Before applying the skin, make sure that the wax is not too hot.</p>
<p data-mce-fragment=""1""><span data-mce-fragment=""1"">   </span>2. After the wax has melted, do not heat it at a high temperature to avoid damage to the heater.</p>
<p data-mce-fragment=""1""><span data-mce-fragment=""1"">   </span>3. Keep away from children.</p>
<p data-mce-fragment=""1""> </p>";Pink Iolaus;Haircare;economical wax melter, Electric Hot Wax Melting Machine, Hair Removal, wax hair remover machine, wax machine;32.97
portable-electric-hot-wax-melting-machine-for-hair-removal-1094410811;;;;;;32.97
portable-electric-hot-wax-melting-machine-for-hair-removal-1094410811;;;;;;
portable-electric-hot-wax-melting-machine-for-hair-removal-1094410811;;;;;;
portable-electric-hot-wax-melting-machine-for-hair-removal-1094410811;;;;;;
portable-electric-hot-wax-melting-machine-for-hair-removal-1094410811;;;;;;
portable-electric-hot-wax-melting-machine-for-hair-removal-1094410811;;;;;;
moon-phase-hair-clip-1252850091;Moon Phase Hair Clip Barrette;"<p style=""text-align: left;"">Your hair could use some stardust, beautiful! And what better way to do that than a familiar , in this case, faces! This hair clip featuring 5 phases of the moon ticks all of our boxes and is a lunar lovely! The perfect gift for teachers, astronomy lovers, stargazers, bridesmaids, new age fashionistas, and you. You deserve a treat!</p><h5 style=""text-align: left;"">Size &amp; Materials</h5><p style=""text-align: left;"">Measurements: 2.5"" long x .5"" wide (6.5cm x 1cm)<br>Images: 10mm each<br>Materials: Rhodium plated brass, glass</p><h5 style=""text-align: left;"">Care &amp; Info</h5><div>
<p style=""text-align: left;""><span>★ These are individually handcrafted and the particular piece you receive may vary slightly from what is pictured. These are also not 100% waterproof, so please avoid getting this wet.</span></p>
<p style=""text-align: left;""><span><span style=""text-align: left;"">★ Discounts apply if you wanted to order multiples for wedding parties and events - please message us beforehand to set up a custom order.</span></span></p>
<div style=""text-align: left;"">
<span>★ </span><span>A portion of the </span>proceeds from every galaxy line sale will go to the  to help fund space exploration and research.</div>
<div style=""text-align: left;"">
<br><span>★ Production time may vary. Please check our </span><span> before ordering. </span><span>And please be sure to review our </span><span> before purchasing.</span>
</div>
</div>";Purple Eunostus;Haircare;Hair Accessories, wholesale;18.80
moon-phase-hair-clip-1252850091;;;;;;
moon-phase-hair-clip-1252850091;;;;;;
moon-phase-hair-clip-1252850091;;;;;;
moon-phase-hair-clip-1252850091;;;;;;
finn-gunnar-nordic-masculinity-mustache-wax-30-ml-137902534;FINN & GUNNAR NORDIC MASCULINITY MUSTACHE WAX 30 ML;"<p><strong>MASCULINITY BEARD STYLING</strong><br>
Sustainable plant based beard styling products providing effective hold, control and flexibility to beard and moustache while taking care of the hair and skin in a natural and gentle manner.<br>

</p><p><strong>MOUSTACHE WAX</strong><br>
Norwegian homemade and handmade mustache wax is formulated exclusively on natural sustainable ingredients.  The natural waxes provide the required fixation and moulds your moustache into the style you want. Beeswax and shea butter give your personal style while Bilberries, olive, rosemary and sunflower will nourish the moustache. 100% of the ingredients are natural. Vegan. Handmade and homemade in Norway. <br>

</p><p>Bilberries (Vaccinium myrtillus) are rich in the antioxidant anthocyanin. Works as an effective moisturizer and exfoliant. Its natural astringent properties soothe an inflamed or irritated scalp. The antioxidants ensure that hair growth is stable and consistent.<br>
</p><p>Finn &amp; Gunnar Nordic Hair Care has their beehives on their property in the heart of Jessheim. From there, the bees collect honey in the local environment, and they thrive well. In addition to pollinating plants where people live, they collect wax that are found in Finn &amp; Gunnar Moustache Wax.<br>
</p><p>Shea Butter is well known for its great benefits for hair and skin due to its properties for moisturize and is rich in vitamins A, E , F and essential fatty acids. It helps with beard-druff, eczema and dermatitis. Helps agianst hair breakage, has anti-inflammatory qualities and also helps skin against heat and cold.<br>
</p><p>Sunflower is great for mustache because it helps to prevent breakage and hair loss and is particularly rich in Omega, fatty acids and vitamin A,B,C and E. </p><p>All great ingredients that keep the moustache moisturized and soft. <br>
Olive oil is rich in vitamin E and help moisturize dry skin underneath an mustache.<br>
Rosemary is a excellent disinfectant for the skin and moustache and is known for reverse premature graying as well as it is a healthy moisturizer.<br>
</p><p>Our ingredients are combined to promote beard growth, keep your mustache healthy and always at its best.<br>

</p><p>Comes with the fresh scent of the Norwegian wood from 100 % natural perfume of bilberry and woods.</p><p>Our products are tested on us, not on animals.<br>

</p><p>For best result, combine with our other Finn &amp; Gunnar Nordic Masculinity products.</p><p><span>Our product boxes are FSC certiﬁed and use eco-friendly paper made by
replacing parts of virgin tree pulp with residues of organic products such as
by-products from citrus fruits, grapes, cherries, corn, olives, coffee, kiwi
fruits, hazelnuts and almonds.</span></p><p><span>Labels with Ecological certification. We use
mineral paper produced without trees, without water, without chlorine, without
PVC and zero toxic gas emission. Bottles are made from PCR50% PET, re-using
plastic that already has been produced.</span></p>

<p><span>Always recycle
- We encourage all users of our
product to dispose for correct recycling.</span></p><p><span>Tough On The Outside, Soft On The Inside.<br>
Great hair care for men requires great skin care at the same time.</span></p><p><strong>Style Your Hair With Nordic Care</strong><br>
Based on our legacy from four generations of hair care professionals and with more than 100 years of accumulated experience, FINN &amp; GUNNAR a Nordic brand that is well rooted in the tradition of using organic ingredients that care for your hair effectively, gently and naturally. Our products are handmade in Norway, the recipes are of course free of toxic and harmful substances, but where we highlight the bioactive components found in herbs and plants throughout the Nordic region. By combining Nordic traditions in phytotherapy with modern science in hair care, we have developed an organic and ethical product portfolio that is adapted to the demanding needs for hair care women and men have in the Nordic countries. All our products contain clean water from Norwegian rivers and lakes. We want our customers and dealers to be sure that our products live up to strict requirements with sustainability and quality. The products are manufactured according to standards that ensure the interests of both humans and animals,<br>

</p><p><strong>Extracting The Best Of Nordic Sea And Soil</strong><br>
Nature in its purest and nurturing form. Inspired by hundreds of years of phytotherapeutic tradition, people in the Nordic countries have learned to harvest and extract the best from soil and sea, with the aim of caring for their loved ones and building a healthy society, as well as ensuring a sustainable ecosystem.</p>";Scarlet Chronos;Haircare;";ade in Norway, Handemade, Homemade, Moustache, Moustache Wax, Norway, Sustainable, wax";25.30
finn-gunnar-nordic-masculinity-mustache-wax-30-ml-137902534;;;;;;
finn-gunnar-nordic-masculinity-mustache-wax-30-ml-137902534;;;;;;
finn-gunnar-nordic-masculinity-mustache-wax-30-ml-137902534;;;;;;
green-clay-shampoo-bar-600881257;ZERO WASTE | FRENCH GREEN CLAY;"<p style=""text-align: center;""> <strong>FRENCH GREEN CLAY SHAMPOO BAR</strong></p>
<div style=""text-align: center;"">
<span style=""text-decoration: underline;""></span><br>
</div>
<div style=""text-align: center;"">
<div data-mce-fragment=""1"" class=""vc_single_image-wrapper   vc_box_border_grey""><br></div>
<div data-mce-fragment=""1"" class=""vc_single_image-wrapper   vc_box_border_grey""><br></div>
<div data-mce-fragment=""1"" class=""vc_single_image-wrapper   vc_box_border_grey"">Our range of shampoo bars makes the most of the natural ingredients to nourish and revitalize your hair.</div>
<div data-mce-fragment=""1"" class=""vc_single_image-wrapper   vc_box_border_grey""><br></div>
<div data-mce-fragment=""1"" class=""vc_single_image-wrapper   vc_box_border_grey""><span data-mce-fragment=""1""><strong data-mce-fragment=""1"">Suitable for all hair types</strong></span></div>
<div data-mce-fragment=""1"" class=""vc_single_image-wrapper   vc_box_border_grey"">
<span data-mce-fragment=""1""><strong data-mce-fragment=""1""></strong></span><br data-mce-fragment=""1"">
</div>
<div data-mce-fragment=""1"" class=""vc_single_image-wrapper   vc_box_border_grey"">
<div data-mce-fragment=""1"" style=""text-align: left;"" class=""vc_single_image-wrapper   vc_box_border_grey"">
<strong data-mce-fragment=""1"">Why use a shampoo bar?</strong><br data-mce-fragment=""1""><br data-mce-fragment=""1""><strong>It's SLS Free (Sodium Lauryl Sulfate).</strong>
</div>
<div data-mce-fragment=""1"" style=""text-align: left;"" class=""vc_single_image-wrapper   vc_box_border_grey"">Shampoo bars offer a low carbon footprint. These solid bars are more lightweight and compact than their bottled counterparts, so they require less space during transport relative to the same amount of washes with liquid shampoo.<br data-mce-fragment=""1"">They Last A lot Longer in some cases up to 50-75 washes for short hair.<br data-mce-fragment=""1"">
</div>
<div data-mce-fragment=""1"" style=""text-align: left;"" class=""vc_single_image-wrapper   vc_box_border_grey""><br data-mce-fragment=""1""></div>
<div data-mce-fragment=""1"" style=""text-align: left;"" class=""vc_single_image-wrapper   vc_box_border_grey"">
<strong data-mce-fragment=""1"">How often should I wash my hair with a shampoo bar?</strong><br data-mce-fragment=""1""><br data-mce-fragment=""1"">If you are ready to start using a shampoo bar for the first time, I suggest you apply this after your shampoo every 2/3 days until your hair has properly transitioned and got used to the ingredients of your new shampoo. Give it time then use as you would a normal liquid shampoo.<br data-mce-fragment=""1""><br data-mce-fragment=""1"">All our shampoo bars will leave your hair feeling clean, revitalized, and healthy, with olive oils, coconut oils, Vitamin E, Aloe Vera, And many more Healthy oils &amp; Botanicals embedded in our shampoo bars.<br data-mce-fragment=""1"">
</div>
<div data-mce-fragment=""1"" style=""text-align: left;"" class=""vc_single_image-wrapper   vc_box_border_grey""><br></div>
<div data-mce-fragment=""1"" style=""text-align: left;"" class=""vc_single_image-wrapper   vc_box_border_grey""><strong>WASHES UP TO 30 -50 | WEIGHT 110G | SUITABILITY FOR ALL HAIR TYPES</strong></div>
<div data-mce-fragment=""1"" style=""text-align: left;"" class=""vc_single_image-wrapper   vc_box_border_grey""><br></div>
<div data-mce-fragment=""1"" style=""text-align: left;"" class=""vc_single_image-wrapper   vc_box_border_grey"">
<table width=""100%"">
<tbody>
<tr>
<td>French Green Clay <br>
</td>
<td>Is reputed to effectively eliminate dirt, product build-up, dandruff, and toxins while balancing oil production to cleanse excessive oils without stripping the natural oils.<br>
</td>
</tr>
<tr>
<td>Coconut Oil<br>
</td>
<td>reduces inflammation, keeps skin moisturised, helping heal wounds. The medium-chain fatty acids found in coconut oil also possess antimicrobial properties that can help treat acne and protect the skin from harmful bacteria.<br>
</td>
</tr>
<tr>
<td>Flaxseed Oil<br>
</td>
<td>Vitamin E in flaxseed oil helps to treat hair loss and stimulate new hair growth. Lignans act as strong antioxidants that can help in the regrowth of healthier and stronger hair And nourish the scalp from within, providing relief from dandruff.<br>
</td>
</tr>
</tbody>
</table>
<p> <br></p>
<p><span>Additional Information:</span><br><span>All FS products are formulated to comply with the EU and UK Cosmetics Safety Regulations (EC (No) 1223/2009).</span><br><br><span>An important part of meeting the Regulations is the requirement to ensure our products are safe for the user.</span><br><span>Any ingredients that are listed as prohibited by law cannot be used.</span><br><span>In addition, it is a requirement of the legislation that all of our products have a valid Cosmetic Product Safety Report.</span><br><span>This is created by a highly qualified Toxicologist and Safety Assessor, who holds a Ph.D. in Toxicology and is a Member of the Royal Society of Biology, and has many years’ experience in the industry.</span></p>
<p> <br></p>
<table width=""100%"">
<tbody>
<tr>
<td> INGREDIENTS<br data-mce-fragment=""1""> Aqua, Glycerin, Sodium Stearate, Sorbitol, Sodium Laurate, Propylene Glycol, Sodium Laureth Sulfate, Sodium Chloride, Disodium Lauryl Sulfosuccinate, Titanium Dioxide, Stearic Acid, Lauric Acid, Pentasodium Pentetate, Tetrasodium Etidronate, Polyquaternium-7, Aloe Barbadensis Leaf Juice Powder, Sodium Benzoate, Cosmetic Grade Green Clay-Illite/Kaolin/Montmorillonite, Linum Usitatissimum Seed Oil, Cocos Nucifera Oil, Fragrance Oil Sparkling Rain And Lotus, No Added Colouring.<br data-mce-fragment=""1"">
</td>
</tr>
</tbody>
</table>
</div>
<div data-mce-fragment=""1"" class=""vc_single_image-wrapper   vc_box_border_grey""><br></div>
</div>
</div>";Silver Polyxena;Haircare;Shampoo Bar;49.55
green-clay-shampoo-bar-600881257;;;;;;
handmade-organic-vapor-rub-481461572;Handmade Organic Vapor Rub;"<p>This Vapor rub is a great alternative to the commercial rubs you can buy in the grocery store for many reasons. First of all, there's no petroleum jelly base-as in gasoline, it was a corrosive that was discovered on an oil rig. Petroleum jelly also does not absorb into the skin. This vapor rub is an olive oil and beeswax base that is healing and nutritive to the skin. The vapor comes from a healing combination of essential oils all known for aiding and relieving sickness. It has eucalyptus and rosemary essential oils that clear sinus passageways and lungs and peppermint that clears the nose and rejuvenates the mind. This is a great chemical free alternative to the commercial product and smells the same but you also get the healing benefits of the essential oils. 2 oz. tin Shop Info: We believe that your skin is just as vital as any other organ in your body. Here at Butter Me Up Organics we like to say, ""Don't put anything on your body that you wouldn't put in it."" So, on that note, all of our products are completely edible. They may not be so tasty, however, but everything we use are non- toxic premium ingredients. Can you say that about the products you're currently using? Other Info: Organic Completely cruelty free No sulfites, phthalates or parabens…ever No synthetic dyes or fragrances Completely all natural and safe Zero waste company Packaging upcycled when possible Everything is made with love &lt;3 ***This product has not been approved by the FDA though the individual ingredients have. This is not intended to replace the advice of a physician nor is it intended to treat, cure or prevent any disease.</p>";White Smokey;Healthcare;achy, aromatherapy, cold, cold balm, cough, feel better, flu, flu remedy, nose, stuffy, stuffy nose, vapo rub, vapor rub;10.94
handmade-organic-vapor-rub-481461572;;;;;;
pro-ocean-refillable-conditioner-bottle-32-oz-1172847787;Pro-Ocean Refillable Conditioner Bottle 32 oz;"<div data-mce-fragment=""1"" data-sanitized-data-mce-fragment=""1"" data-mce-style=""text-align: left;"" style='color: rgb(33, 43, 54); font-family: -apple-system, ""system-ui"", ""San Francisco"", ""Segoe UI"", Roboto, ""Helvetica Neue"", sans-serif; font-size: 14px; font-style: normal; font-variant-ligatures: normal; font-variant-caps: normal; font-weight: 400; letter-spacing: normal; orphans: 2; text-indent: 0px; text-transform: none; white-space: normal; widows: 2; word-spacing: 0px; -webkit-text-stroke-width: 0px; text-decoration-thickness: initial; text-decoration-style: initial; text-decoration-color: initial; text-align: left;'>
<br class=""Apple-interchange-newline"">The MASAMI 32 oz Refillable, Sustainable Bottle was designed to elevate any bathroom and last a lifetime. It comes with a stainless steel pump and a 32 oz recyclable pouch filled with our high-performing luxurious Mekabu Hydrating Conditioner. </div><div data-mce-fragment=""1"" data-sanitized-data-mce-fragment=""1"" data-mce-style=""text-align: left;"" style='color: rgb(33, 43, 54); font-family: -apple-system, ""system-ui"", ""San Francisco"", ""Segoe UI"", Roboto, ""Helvetica Neue"", sans-serif; font-size: 14px; font-style: normal; font-variant-ligatures: normal; font-variant-caps: normal; font-weight: 400; letter-spacing: normal; orphans: 2; text-indent: 0px; text-transform: none; white-space: normal; widows: 2; word-spacing: 0px; -webkit-text-stroke-width: 0px; text-decoration-thickness: initial; text-decoration-style: initial; text-decoration-color: initial; text-align: left;'>We're committed to furthering our sustainability efforts, so we designed this stunning large-size, black ceramic, refillable bottle to replace our plastic packaging. We hope you join us on our journey to make the beauty industry more sustainable. This refillable bottle is the first of many initiatives to come.</div><div data-mce-fragment=""1"" data-sanitized-data-mce-fragment=""1"" data-mce-style=""text-align: left;"" style='color: rgb(33, 43, 54); font-family: -apple-system, ""system-ui"", ""San Francisco"", ""Segoe UI"", Roboto, ""Helvetica Neue"", sans-serif; font-size: 14px; font-style: normal; font-variant-ligatures: normal; font-variant-caps: normal; font-weight: 400; letter-spacing: normal; orphans: 2; text-indent: 0px; text-transform: none; white-space: normal; widows: 2; word-spacing: 0px; -webkit-text-stroke-width: 0px; text-decoration-thickness: initial; text-decoration-style: initial; text-decoration-color: initial; text-align: left;'>MASAMI Mekabu Hydrating Conditioner is fortified by the hydrating qualities of the Japanese ocean botanical Mekabu, and enhanced with Laminaria Japonica (Kombu) seaweed, aloe vera, blueberry extract, Vitamin B and other powerful anti-oxidants. This deep yet lightweight conditioner nourishes to restore softness, shine and manageability while soothing the scalp.</div><div data-mce-style=""text-align: left;"" style='color: rgb(33, 43, 54); font-family: -apple-system, ""system-ui"", ""San Francisco"", ""Segoe UI"", Roboto, ""Helvetica Neue"", sans-serif; font-size: 14px; font-style: normal; font-variant-ligatures: normal; font-variant-caps: normal; font-weight: 400; letter-spacing: normal; orphans: 2; text-indent: 0px; text-transform: none; white-space: normal; widows: 2; word-spacing: 0px; -webkit-text-stroke-width: 0px; text-decoration-thickness: initial; text-decoration-style: initial; text-decoration-color: initial; text-align: left;'><strong>Benefits:</strong></div><div data-mce-style=""text-align: left;"" style='color: rgb(33, 43, 54); font-family: -apple-system, ""system-ui"", ""San Francisco"", ""Segoe UI"", Roboto, ""Helvetica Neue"", sans-serif; font-size: 14px; font-style: normal; font-variant-ligatures: normal; font-variant-caps: normal; font-weight: 400; letter-spacing: normal; orphans: 2; text-indent: 0px; text-transform: none; white-space: normal; widows: 2; word-spacing: 0px; -webkit-text-stroke-width: 0px; text-decoration-thickness: initial; text-decoration-style: initial; text-decoration-color: initial; text-align: left;'><ul>
<li><span>Botanically hydrating</span></li>
<li><span>Safe for color-treated hair</span></li>
<li><span>NO parabens, NO sulfates, NO phthalates</span></li>
<li><span>NO animal testing (cruelty-free)</span></li>
<li><span>Vegan</span></li>
<li><span>Gender neutral</span></li>
</ul></div><div data-mce-style=""text-align: left;"" style='color: rgb(33, 43, 54); font-family: -apple-system, ""system-ui"", ""San Francisco"", ""Segoe UI"", Roboto, ""Helvetica Neue"", sans-serif; font-size: 14px; font-style: normal; font-variant-ligatures: normal; font-variant-caps: normal; font-weight: 400; letter-spacing: normal; orphans: 2; text-indent: 0px; text-transform: none; white-space: normal; widows: 2; word-spacing: 0px; -webkit-text-stroke-width: 0px; text-decoration-thickness: initial; text-decoration-style: initial; text-decoration-color: initial; text-align: left;'>
<span><strong>Ingredients: </strong> ­Water, Cetyl Alcohol, Dicetyldimonium, Chloride Isopropanol, Stearyl Alcohol, Ceteareth-20, Undaria Pinnatifida (Mekabu) Powder, Macrocystis Pyrifera (Kelp) Extract, Laminaria Japonica Extract, Vaccinium Angustifolium (Blueberry) Fruit Extract, Aloe Barbadensis Leaf Juice, Panthenol (Vitamin B), Fragrance, Phenoxyethanol (</span><span>our fragrance is naturally derived and phthalate-free).</span>
</div><div data-mce-style=""text-align: left;"" style='color: rgb(33, 43, 54); font-family: -apple-system, ""system-ui"", ""San Francisco"", ""Segoe UI"", Roboto, ""Helvetica Neue"", sans-serif; font-size: 14px; font-style: normal; font-variant-ligatures: normal; font-variant-caps: normal; font-weight: 400; letter-spacing: normal; orphans: 2; text-indent: 0px; text-transform: none; white-space: normal; widows: 2; word-spacing: 0px; -webkit-text-stroke-width: 0px; text-decoration-thickness: initial; text-decoration-style: initial; text-decoration-color: initial; text-align: left;'></div><div data-mce-style=""text-align: left;"" style='color: rgb(33, 43, 54); font-family: -apple-system, ""system-ui"", ""San Francisco"", ""Segoe UI"", Roboto, ""Helvetica Neue"", sans-serif; font-size: 14px; font-style: normal; font-variant-ligatures: normal; font-variant-caps: normal; font-weight: 400; letter-spacing: normal; orphans: 2; text-indent: 0px; text-transform: none; white-space: normal; widows: 2; word-spacing: 0px; -webkit-text-stroke-width: 0px; text-decoration-thickness: initial; text-decoration-style: initial; text-decoration-color: initial; text-align: left;'>
<div><strong>For best results:</strong></div>
<div>Following MASAMI shampoo, apply conditioner from roots to ends. Leave in hair for 1-3 minutes as needed. Rinse thoroughly.<span> </span><span data-mce-fragment=""1"" data-sanitized-data-mce-fragment=""1""> </span><span data-mce-fragment=""1"" data-sanitized-data-mce-fragment=""1"">For</span><span data-mce-fragment=""1"" data-sanitized-data-mce-fragment=""1""> continuous hydration, use daily.  </span>Follow with MASAMI Mekabu Hydrating Styling Cream and Shine Serum.</div>
</div>";Green Saffron;Haircare;back bar, clean beauty, conditoner, conscious beauty, cruelty free, curls, healthy hair, hydrated hair, jbeauty, refillable, salon, shiny hair, vegan;84.64
pro-ocean-refillable-conditioner-bottle-32-oz-1172847787;;;;;;
finn-gunnar-nordic-organics-king-bee-wax-100-ml-315007922;FINN & GUNNAR NORDIC ORGANICS KING BEE WAX 100 ML;"<p><strong>ORGANICS STYLING CARE</strong><br>
A hair styling series based on natural Nordic ingredients providing effective hold, control and flexibility to the hair while taking care of the hair fibres and the scalp.</p><p><strong>KING BEE WAX</strong>
provides extreme hold and a natural look all day long. Beeswax will hold your hair in place under every circumstance and bilberry together with organic glycerine will moisturize the hair naturally. <br>

</p><p>Its fresh smell of sweet forest berries comes from natural perfume of raspberry, bilberry, passion fruit, and Seaside Mist. <br>

</p><p>Bilberries (Vaccinium myrtillus) are rich in the antioxidant anthocyanin and works as an effective moisturizer and exfoliant. Its natural astringent properties soothe an inflamed or irritated scalp. The antioxidants ensure that hair growth is stable and consistent.<br>

</p><p>Finn &amp; Gunnar Nordic Hair Care has their beehives on our property in the heart of Jessheim town in Norway. <br>
From there, the bees collect honey in the local environment, and they thrive well. In addition to pollinating plants where people live, they collect nectar and pollen, which becomes our wax that you will find in Finn &amp; Gunnar products/waxes.<br>

</p><p></p><p>Our products are tested on us, not on animals.<br>

</p><p>For best result, combine with our other Finn &amp; Gunnar Nordic Organics products.</p><p><span>Our product boxes are FSC certiﬁed and use eco-friendly paper made by
replacing parts of virgin tree pulp with residues of organic products such as
by-products from citrus fruits, grapes, cherries, corn, olives, coffee, kiwi
fruits, hazelnuts and almonds.</span></p><p><span>Labels with Ecological certification. We use
mineral paper produced without trees, without water, without chlorine, without
PVC and zero toxic gas emission. Bottles are made from PCR50% PET, re-using
plastic that already has been produced.</span></p>

<p><span>Always recycle
- We encourage all users of our
product to dispose for correct recycling.</span></p>

<p><strong>Style Your Hair With Nordic Care</strong><br>
Based on our legacy of four generations of hair care professionals with more than 100 years of experience, FINN &amp; GUNNAR is a Nordic brand rooted in the tradition of using organic ingredients that care for your hair and scalp in an effective, gentle and natural way. Our products are handmade in Norway, and are formulated to eliminate toxic and harmful substances, while leveraging the bioactive compounds found in herbs and plants across the Nordic region. By combining traditional Nordic phytotherapy traditions with modern hair and skin care science, we have developed an organic and ethical product portfolio adapted to the demanding hair care needs of Nordic men and women. All our products contain pure water from Norwegian rivers and lakes. We are concerned that our customers and retailers will be confident that our products meet stringent requirements for sustainability and quality, and are manufactured acording to standards that safeguard both human and animal interests and the environment as a whole.<br>

</p><p><strong>Extracting The Best Of Nordic Sea And Soil</strong><br>
Nature in its purest and caring sense. Inspired by hundreds of years of phytotherapy tradition, people in the Nordics have learned to harvest and extract the best of its rich soils and seas, aiming to care for their loved ones, building a healthy  community and securing a sustainable ecosystem.</p>";Scarlet Chronos;Haircare;Hair, Hair Wax, Handemade, Made in Norway, Pomade, Recycable, Sustainable, Wax;25.41
finn-gunnar-nordic-organics-king-bee-wax-100-ml-315007922;;;;;;
finn-gunnar-nordic-organics-king-bee-wax-100-ml-315007922;;;;;;
finn-gunnar-nordic-organics-king-bee-wax-100-ml-315007922;;;;;;
coconut-silk-conditioning-shampoo-bar-173261129;Coconut Silk Conditioning Shampoo Bar;"<p>The newest addition to my shampoo soap line - coconut silk conditioning shampoo bar. An incredible bar with coconut milk, silk and aloe to leave your hair incredibly soft and manageable. This bar is unscented with only the natural scent of the products in it. </p><p>This listing is for 1 bar of soap weighing approximately 5 ounces.</p><p><br></p><p>This bar also contains a unique combination of nourishing and softening oils and butters in addition to coconut milk and silk to provide a great conditioning shampoo.</p><p><br></p><p>To ensure the long life of your soap, store the bar in a cool place, out of direct sunlight until you’re ready to use it. In your shower, store the bar away from the direct water stream, and out of any standing water.</p><p><br></p><p>To get a good lather, swipe the soap bar across your wet hair a few times and lather and scrub. Then rinse.</p><p><br></p><p>***************************</p><p>TESTIMONIALS</p><p>Gets your hair squeaky clean -- literally! Quick shipping; thanks!</p><p><br></p><p>My favorite shampoo bar from an seller yet! Leaves my hair clean, soft and shiny with no weird residue like others I've tried. Smells great too!</p><p><br></p><p>Love this!!! Love the way my hair feels after switching to homemade bar shampoo. I will never go back to store bought again!</p><p><br></p><p>Absolutely divine, your shampoo actually leaves my hair feeling great, the other bar shampoo's I have tried it takes weeks to get used to and leaves my hair rather oily. Love your moisturizer too, the texture and smells are wonderful!</p><p>**************************</p><p><br></p><p>Ingredients: distilled water, organic coconut oil, palm oil (organic &amp; sustainably harvested), castor oil, wheat germ oil, avocado oil, organic jojoba oil, organic cocoa butter, organic shea butter, organic aloe gel, sodium hydroxide, coconut milk, silk</p>";Maroon Oliver;Haircare;Bath And Beauty, coconut milk, conditioning shampoo bar, essential oils, hair care, handmade soap, natural hair care, natural shampoo, organic, shampoo bar, silk;11.07
rosemary-nettle-shampoo-bar-1094454340;Rosemary Nettle Shampoo Bar;"<p>This rosemary nettle shampoo bar is all you need for thick gorgeous hair!</p><p><br></p><p>Rosemary is queen and king when it comes to hair and scalp care. It is, overall, an excellent tonic for hair and scalp helping to strengthen the hair, stimulating the follicles and combating dry and flaky scalps thus helping to reduce dandruff.</p><p><br></p><p>Nettle works gently to stimulate blood circulation to the scalp. It not only oxygenates the hair follicles but also strengthens hair fibers. Nettle promotes hair growth as well as hair health, shine and fullness for any type of hair.</p><p><br></p><p>Treat your hair to a handcrafted shampoo bar that not only cleanses, but also nourishes and softens as you lather. Most commercial shampoos contain harsh synthetics that cleanse by stripping your hair of everything, including natural oils. That not only leaves your hair dry and unmanageable, but also dull-looking. This natural shampoo bar is created with hair-loving ingredients, turning an ordinary routine into an indulgent experience, and leaving your hair nourished and naturally beautiful! It can also be used as a bath soap.</p><p><br></p><p>The scent is rosemary, tea tree, lavender and cedarwood. A fresh clean scent to clean and moisturize your hair. This is a great bar for all hair types!</p><p><br></p><p>This bar also contains a unique combination of nourishing and softening oils and butters. Jojoba oil is a penetrating moisturizer that is similar to our hairs own natural oils, and is rich in protein and minerals. Wheat germ oil is rich in vitamins A, B, E, and D, improving the health of your hair from its root, to its tip. A mix of olive and castor oil attracts moisture to the hair and is rich in vitamins, while cocoa butter and shea butter help to soften and moisturize. Coconut oil works to create an incredible lather, and palm oil ensures a long-lasting bar of soap.</p><p><br></p><p>To ensure the long life of your soap, store the bar in a cool place, out of direct sunlight until youre ready to use it. In your shower, store the bar away from the direct water stream, and out of any standing water.</p><p><br></p><p>To get a good lather, swipe the soap bar across your wet hair a few times and lather and scrub. Then rinse.</p><p><br></p><p>***************************</p><p><br></p><p>TESTIMONIALS</p><p><br></p><p>LOVE this shampoo bar. I've tried other natural ways of washing my hair but I never can get past the ""greasy"" hair beginning stages. With this shampoo bar, my hair acted just like I had used my favorite commercial shampoo except this way was natural! Thanks so much</p><p><br></p><p>Another awesome purchase, I have very thin, baby fine hair and I believe my hair looks and feels thicker and healthier after even the first wash. and you definitely don't need conditioner after using this which is a big plus for baby fine hair like mine.</p><p><br></p><p>This is the first time using a shampoo bar and I'm pretty impressed. This scent is sooo amazing and my hair feels so much thicker after using this. Awesome seller. Quick shipping and great communication! Wonderful products :)</p><p><br></p><p>Gets your hair squeaky clean -- literally! Quick shipping; thanks!</p><p><br></p><p>My favorite shampoo bar from an seller yet! Leaves my hair clean, soft and shiny with no weird residue like others I've tried. Smells great too!</p><p><br></p><p>Love this!!! Love the way my hair feels after switching to homemade bar shampoo. I will never go back to store bought again!</p><p><br></p><p>Absolutely divine, your shampoo actually leaves my hair feeling great, the other bar shampoo's I have tried it takes weeks to get used to and leaves my hair rather oily. Love your moisturizer too, the texture and smells are wonderful</p><p><br></p><p>This bar smells fantastic and comes in a great size. This is my first experience with a shampoo bar so my hair still seems to be adjusting but already has more volume. The shipping was extremely fast as well! Thank you for the free charcoal 's lovely!</p><p><br></p><p>I just used this once last night and wow! I have very thicky shiny dark brown hair that has a natural wave. After using this shampoo, my hair was really quite curly! It completely brought out my waves to the extreme, and I love it. It rinsed to feel quite squeaky clean, but even without conditioner it didnt feel dry. The smell is quite herbal, but I love rosemary so for me thats no problem. The bar makes a great lather, and at the price is an excellent deal.</p><p><br></p><p><br></p><p><br></p><p>LOVE this shampoo bar. I've tried other natural ways of washing my hair but I never can get past the ""greasy"" hair beginning stages. With this shampoo bar, my hair acted just like I had used my favorite commercial shampoo except this way was natural! Thanks so much!</p><p><br></p><p>**************************</p><p><br></p><p>Ingredients: distilled water, coconut oil, palm oil (organic &amp; sustainably harvested), castor oil, wheat germ oil, avocado oil, jojoba oil, organic cocoa butter, organic shea butter, nettle infused coconut oil, aloe gel, sodium hydroxide, rosemary, tea tree,lavender and cedarwood essential oils</p><p><br></p><p><br></p><p><br></p><p>***This listing is for one bar that weighs approximately 5.0 pz</p>";Maroon Oliver;Haircare;Bath And Beauty, conditioning shampoo, essential oil soaps, hair growth, handmade soap, Holiday1, natural shampoo, natural shampoo bar, rosemary nettle soap, shampoo soap bar, Soap, tea tree, yellow;9.68
rosemary-nettle-shampoo-bar-1094454340;;;;;;
mekabu-conditioner-32-oz-651772937;Mekabu Hydrating Conditioner 32 oz;"<p><meta charset=""utf-8""><span data-mce-fragment=""1"">This is a large size (backbar) 32 oz of our MASAMI Mekabu Hydrating Conditioner.  It comes with a pump for easy dispensing.  Our conditioner</span><span data-mce-fragment=""1""> is fortified by the hydrating qualities of the Japanese ocean botanical Mekabu, and enhanced with Laminaria Japonica (Kombu) seaweed, aloe vera, blueberry extract, Vitamin B and other powerful anti-oxidants. This deep yet lightweight conditioner nourishes to restore softness, shine and manageability while soothing the scalp.</span></p>
<div><strong>Benefits:</strong></div>
<ul>
<li><span>Botanically hydrating</span></li>
<li><span>Safe for color-treated hair</span></li>
<li><span>NO parabens</span></li>
<li><span>NO sulfates</span></li>
<li><span>NO phthalates</span></li>
<li><span>NO animal testing (cruelty-free)</span></li>
<li><span>Vegan</span></li>
</ul>
<p><meta charset=""utf-8""><span data-mce-fragment=""1""><strong data-mce-fragment=""1"">Ingredients: </strong> ­Water, Cetyl Alcohol, Dicetyldimonium, Chloride Isopropanol, Stearyl Alcohol, Ceteareth-20, Undaria Pinnatifida (Mekabu) Powder, Macrocystis Pyrifera (Kelp) Extract, Laminaria Japonica Extract, Vaccinium Angustifolium (Blueberry) Fruit Extract, Aloe Barbadensis Leaf Juice, Panthenol (Vitamin B), Fragrance, Phenoxyethanol (</span><span data-mce-fragment=""1"">our fragrance is naturally derived and phthalate-free).</span><br></p>";Green Saffron;Haircare;backbar, best sellers, Cortina, salon, Verishop, YGroup_Conditioner;68.14
mekabu-conditioner-32-oz-651772937;;;;;;
mekabu-conditioner-32-oz-651772937;;;;;;
mekabu-conditioner-32-oz-651772937;;;;;;
electric-razor-for-women-removal-for-body-nose-hair-trimmer-face-shavers-595360574;Electric Razor for Women Removal for Body Nose Hair Trimmer Face;"<p><strong><span data-spm-anchor-id="""">Features:</span></strong></p>
<p><strong>5-in-1 Electric Shavers</strong><br data-mce-fragment=""1"">Women razor shaver includes 5 interchangeable heads: body shaver head, legs /armpits shaver head, facial / bikini hair removal head, eyebrow trimmer head, nose hair trimmer head, and a USB charging cable, which is able to meet all your different needs of shaving and comfortably remove the hair on your body in a few seconds without leaving any residue.<br data-mce-fragment=""1""><strong>Gentle &amp; Painless</strong><br data-mce-fragment=""1"">Women's electric bikini trimmer uses an anti-allergenic stainless steel blade and floating foil head to help achieve safe shaving, even for sensitive skin, the electric razor will not produce pain or stimuli. For skin-friendly, really painless shaves. Comfortable to achieve smooth skin with our pubic hair razor for women.<br data-mce-fragment=""1""><strong>Dry or Wet Shaving</strong><br data-mce-fragment=""1"">Shavers for women can be used in the bath or shower, and electric razors for women's public hair can also be used in the bath or shower. Because of the waterproof feature, the heads can be cleaned very easily – simply rinse with running water.<br data-mce-fragment=""1""><strong>USB Charging and Portable:</strong><br data-mce-fragment=""1"">This women's electric shaver is equipped with a USB cable, which can be easily charged through a variety of devices such as a power bank, computer, laptop, and socket. USB charging is easy to carry, It is small in size and has a small handle, making it ideal for travel and travel.<br data-mce-fragment=""1""><strong>Perfect Women's Day Gift</strong><br data-mce-fragment=""1"">Our women's leg hair shaver can give to friends, lovers, and elders, and give them intimate care. If you have any problems with the use of women's electric razors, please contact us.</p>
<p><strong>How to use it?</strong></p>
<style type=""text/css""><!--
        table { border-collapse: collapse; }
        br { mso-data-placement: same-cell; }
        tr { height: 21px; }
        td { overflow: hidden; padding:2px 3px 2px 3px; width: 100px; white-space: nowrap; }
        .s-64 { color: #000000;font-size: 11pt;font-family: 宋体;border-left:0.5pt solid #000000;border-top:0.5pt solid #000000;border-right:0.5pt solid #000000;border-bottom:0.5pt solid #000000;vertical-align: middle;mso-number-format: ""General""; }


--></style>
<p>1. Rotate the shaver head towards the right.<br data-mce-fragment=""1"">2. Remove the Electric Shaver head and rinse it with running water.<br data-mce-fragment=""1"">3. Use a cleaning brush to clean the electric Shaver for the women's body.<br data-mce-fragment=""1"">4. Find a shaver, and align the head with the women's shaver body interface.<br data-mce-fragment=""1"">5. Press down the shaver head and rotate the shaver head towards the left.</p>
<p><strong><span>Specifications:</span></strong></p>
<p>Material: Aluminium alloy, Stainless steel, ABS<br>Charging Time: 5 hours<br>Battery Capacity: 400 mAh<br>Package Size: 7*4.3*1.8inch<br>Weight: 0.186kg</p>
<p><strong><span>Package Includes:</span></strong></p>
<p>1 X Women Electric Shaver Main body<br><br>1 X Short Hair Trim Head<br><br>1 X Bikini Hair Shaver Head<br><br>1 X Facial Hair Removal Head<br><br>1 X Eyebrow Trimmer Head<br><br>1 X Nose Hair Trimmer Head<br><br>1 X USB Cable<br><br>1 X User Manual</p>";Pink Iolaus;Haircare;Body Nose Hair Trimmer, Electric Razor, Hair Trimmer, Nose Hair Trimmer, Women razor shaver, Women Removal, Women's electric bikini trimmer, women's electric shaver;18.68
electric-razor-for-women-removal-for-body-nose-hair-trimmer-face-shavers-595360574;;;;;;
electric-razor-for-women-removal-for-body-nose-hair-trimmer-face-shavers-595360574;;;;;;
electric-razor-for-women-removal-for-body-nose-hair-trimmer-face-shavers-595360574;;;;;;
electric-razor-for-women-removal-for-body-nose-hair-trimmer-face-shavers-595360574;;;;;;
electric-razor-for-women-removal-for-body-nose-hair-trimmer-face-shavers-595360574;;;;;;
electric-razor-for-women-removal-for-body-nose-hair-trimmer-face-shavers-595360574;;;;;;
vinegar-rinse-white-hair-natural-handmade-glass-bottle-250ml-118011145;Vinegar Rinse, White Hair, Natural/Handmade, Glass Bottle, 250ml;"<p>This is a vinegar rinse made from natural apple cider vinegar and a combination of herbs and essential oils to help brighten white and light blonde hair. It contains blue malva flower and lemon to cleanse your hair and remove yellow tones and restore your natural brightness. Spray in your hair after washing and distribute. 10-20 pumps are enough depending on the thickness and length of your hair. Leave in for 5 minutes and then rinse properly with warm water. You may still have a slight vinegar smell but it should disappear quickly. Vinegar detangles, increases shine, decreases build up and also adds body and definition to natural curls. It also stimulates the scalp and decreases dandruff and flaking. Please keep out of eyes! Please shake before use!<br>

It is presented in a stylish 250ml glass jar with an aluminium lid, a plastic free alternative. You can also buy a funky soap pump separately and reuse to avoid plastic waste.<br>



</p><p>THE BENEFITS OF APPLE CIDER VINEGAR:<br>
DETANGLES AND REDUCE FRIZZ: The outer layer of hair, the cuticle, covers the hair shaft and protects it like the bark on a tree. The cuticle is made of overlapping layers of long scales that lie along the surface of the hair. Apple cider vinegar helps smooth the cuticle which allows knots and tangles to comb out more easily. Frizzy hair is caused by lifted, open cuticles. Apple cider vinegar helps smooth and tighten cuticles to help decrease the frizz<br>
INCREASE SHINE: When the cuticle is in a good shape, is unbroken, and lies flat , your hair has a smooth appearance. When the laters of the cuticle are tightly knit together, the light is able to reflect off the cuticle. This is what makes hair shine.<br>
DECREASE BUILD-UP: Acv removes build up and residue from hair shaft to cleanse and clarify the hair and scalp without stripping the hairs natural oils balancing the ph on your scalp.<br>
DEFINE NATURAL CURLS: Unlike conventional conditioners, vinegar does not weigh down the individual hair strands which can cause hair to feel heavy and look limp. Also, by taming the frizz and removing residue, the vinegar rinses help add body to all hair types and renew the bounce to naturally curly hairs.<br>
STIMULATES HAIR GROWTH: Acv has a tonic action that promotes blood circulation in the small capillaries that irrigate the scalp with essential nutrients. This helps encourage hair growth and strengthens the roots.<br>
DECREASES DANDRUFF AND FLAKING: Acv has natural antibacterial and anti-fungal properties that help treat a dry itchy scalp by killing the bacteria and fungus that many be associated with dandruff (and even hair loss) and other scalp conditions without harsh chemicals.<br>
</p><p>Ingredients:<br>
Aqua, Organic Apple Cider Vinegar, Tea Made From Blue Malve Flowers, Lemon Juice, Citrus Limonum Oil (Lemon), Citrus Aurantifolia Oil (Lime), Geraniol, Limonene, Linalool, Citral, (Within The Essential Oils), Optiphen (Formaldehyde And Paraben Free Preservative).<br>

</p><p>CONTAINS NO ANIMAL PRODUCTS, SUITABLE FOR VEGANS, NOT TESTED ON ANIMALS<br>

</p><p>Our products are all 100% natural and handmade in small batches. Shape, colour, scent, size and appearance can vary slightly between batches and it is in the nature of this product. As they are all natural scents they might not be as strong or develop when in use.</p>";Tan Abderus;Haircare;bright hair, cruelty free, handmade vinegar rinse, natural ingredients, vegan, vinegar rinse, white hair;63.00
vinegar-rinse-white-hair-natural-handmade-glass-bottle-250ml-118011145;;;;;;
hair-grow-shampoo-conditioner-set-663638660;Hair Growth Shampoo & Conditioner Set;"<p><strong>Hair Growth Shampoo with Amber Extract &amp; Jojoba Oil and Hair Growth Conditioner with</strong> <strong>Amber Extract &amp;</strong> <strong>Jojoba Oil </strong></p>
<p data-mce-fragment=""1""><strong data-mce-fragment=""1""></strong>Volume: 2 x 250 ml | 2 x 8.45 <strong data-mce-fragment=""1""><br data-mce-fragment=""1""></strong></p>
A HAIR GROWTH SHAMPOO &amp; CONDITIONER PREVENTS HAIR LOSS AND BOOSTS HAIR GROWTH.<br data-mce-fragment=""1""><br data-mce-fragment=""1"">Amber extract has therapeutic properties on skin and hair, it stimulates blood circulation and cell regeneration.<br data-mce-fragment=""1""><br data-mce-fragment=""1"">Our handcrafted formula containing PROCAPIL™ Complex is a unique combination of vitamins with Apigenin, Biotinyl Tripeptide and Oleanolic acid extracted from olive tree leaves to fight the follicle aging process.<br data-mce-fragment=""1""><br data-mce-fragment=""1"">The complex includes DHT Blocking mechanism which is an effective treatment for halting hair loss.<br data-mce-fragment=""1""><br data-mce-fragment=""1"">With neutral pH level is suitable for gentle and sensitive skin.<br data-mce-fragment=""1"">
<ul data-mce-fragment=""1"">
<li data-mce-fragment=""1""><span class=""a-list-item"" data-mce-fragment=""1"">With Amber Extract, Jojoba Oil &amp; Pro-vitamin B5</span></li>
<li data-mce-fragment=""1""><span class=""a-list-item"" data-mce-fragment=""1"">Biotin, a DHT blocker</span></li>
<li data-mce-fragment=""1""><span class=""a-list-item"" data-mce-fragment=""1"">Suitable for All Hair Types</span></li>
<li data-mce-fragment=""1"">
<span class=""a-list-item"" data-mce-fragment=""1"">Safe for Chemically Straightened Hair </span><span class=""a-list-item"" data-mce-fragment=""1""></span>
</li>
<li data-mce-fragment=""1""><span data-mce-fragment=""1"">Suitable for Keratin treated hair and hair extensions<br data-mce-fragment=""1""></span></li>
<li data-mce-fragment=""1""><span data-mce-fragment=""1""><span class=""a-list-item"" data-mce-fragment=""1"">Free of Sulfate, Paraben, and Salt</span></span></li>
</ul>
<p data-mce-fragment=""1""><img alt="""" src=""?v=1663051093"" data-mce-fragment=""1"" data-mce-src=""?v=1663051093"" width=""171"" height=""82""> <br data-mce-fragment=""1""></p>
<br data-mce-fragment=""1""><strong data-mce-fragment=""1"">Directions:</strong> Apply a generous amount of shampoo to wet hair. Gently massage thoroughly your hair and roots. Rinse well. Repeat if needed. After shampooing with Lavidoux Hair Grow Shampoo, apply the conditioner to damp hair from mid-length to ends, leave in for 2-3 minutes and rinse thoroughly.<br data-mce-fragment=""1""><br data-mce-fragment=""1""><strong data-mce-fragment=""1"">Safety Information:</strong> Avoid contact with eyes. If contact with the eyes occurs, rinse well. Keep away from children.";Emerald Athena;Haircare;Bottle, Liquid;123.96
hair-grow-shampoo-conditioner-set-663638660;;;;;;
hair-grow-shampoo-conditioner-set-663638660;;;;;;
hair-grow-shampoo-conditioner-set-663638660;;;;;;
hair-grow-shampoo-conditioner-set-663638660;;;;;;
great-white-north-beard-balm-396873432;Great White North Beard Balm;"<ul>
<li>Natural ingredients</li>
<li>Essential oils and butters</li>
<li>Highly nourishing</li>
<li>Treats dry skin</li>
<li>No color added</li>
<li>Paraben Free</li>
<li>Phthalate Free</li>
<li>Softens and conditions hair</li>
<li>Cruelty free</li>
<li>Made with vegan friendly ingredients</li>
<li>Woodsy and musky scent</li>
<li>2 oz</li>
</ul><p><br data-cke-eol=""1"">Ingredients: Emulsifying Vegetable Wax, Cocos nucifera (Coconut) Oil, Orbignya oleifera (Babassu) Oil, Shea Butter, Persea gratissima (Avocado) Butter, Argania spinosa (Argan) Oil, Prunus persica (Peach Kernel) Oil, Prunus dulcis (Almond) Oil, Vegetable Glycerine, Fragrance Oil.</p>";Silver Birch;Bodycare;beard, beard care, cruelty free, haircare, men, mens grooming, vegan;87.87
great-white-north-beard-balm-396873432;;;;;;
artisan-amethyst-geo-vegan-bath-bomb-1427842012;Artisan Amethyst Geo Vegan Bath Bomb;"<p><span data-mce-fragment=""1"">Indulge your senses and liven up your bath with our hand-made amethyst geode style bath bombs!</span><br data-mce-fragment=""1""><br data-mce-fragment=""1""><span data-mce-fragment=""1"">Featuring Bolivian Rose Salt, soothing cocoa butter, oatmeal, and organic essential oils.</span><br data-mce-fragment=""1""><br data-mce-fragment=""1""><span data-mce-fragment=""1"">Scent: Lavender essential oil</span><br data-mce-fragment=""1""><br data-mce-fragment=""1""><span data-mce-fragment=""1"">Directions: Remove from packaging and drop your bomb into a steamy full tub or foot bath. Watch it fizz, bubble and froth and soak in the fragrant, luxurious experience till your heart is content!</span><br data-mce-fragment=""1""><br data-mce-fragment=""1""><span data-mce-fragment=""1"">Ingredients: Baking Soda, Kaolin Clay, Colloidal Oatmeal, Citric Acid (food grade), Mineral Sea Salt, Raw Cocoa Butter, Lavender Essential Oil, Cosmetic-grade Natural Mica Pigments</span><br data-mce-fragment=""1""><br data-mce-fragment=""1""><span data-mce-fragment=""1"">Gentle Reminders: Not edible. Due to the small quantity of cocoa butter, it may make your tub slippery. Please watch your step as you exit the tub. Keep out of eyes and mouth. In rare cases, skin irritation may occur. Always test this product on a small area of skin before initial use. Do not use if your skin is cracked, damaged, or sunburned.</span><br data-mce-fragment=""1""><br data-mce-fragment=""1""><span data-mce-fragment=""1"">Please note that all our products are made and decorated by hand. Due to this process, there may be slight variations from item pictured. Such variations are inherent in the manufacturing of handmade products, so you may expect minor distinctions that will make your purchase truly one-of-a-kind :)</span></p>";Mint Green Icarus;Bodycare;Food;115.93
artisan-amethyst-geo-vegan-bath-bomb-1427842012;;;;;;82.13
artisan-amethyst-geo-vegan-bath-bomb-1427842012;;;;;;
artisan-amethyst-geo-vegan-bath-bomb-1427842012;;;;;;
artisan-amethyst-geo-vegan-bath-bomb-1427842012;;;;;;
artisan-amethyst-geo-vegan-bath-bomb-1427842012;;;;;;
finn-gunnar-nordic-masculinity-nourishing-shampoo-250-ml-667134562;FINN & GUNNAR NORDIC MASCULINITY NOURISHING SHAMPOO 250 ML;"<p><strong>MASCULINITY VITAL CARE</strong><br>
The blend of seaweed, cloudberry, zinc, amino acids and B-vitamins vitalises the hair fibre and structure, providing volume and shine while preventing hair loss and gray hair.</p><p>

<strong>SHAMPOO NOURISHING</strong> <br>
Ideal for dry hair, and coloured, permed or bleached hair. Sulphate free. Contains ORGULEX™, cloudberry and seaweed which together with quinoa and rapeseed, olive and Crambe Abyssinica protect against free radicals and give it a natural gloss. Moisturizes and nourishes. Vegan.<br>

</p><p>Cloudberry (Rubus chamaemorus) are extremely rich in vitamins and antioxidants, including ellagic acid. Improves the moisture in the hair fibers and repairs damaged hair as well as protects the hair fibers from oxidants and UV radiation. Increases the preservation of hair colour and its intensity.<br>
</p><p>Seaweed (Fucus serratus) is packed with vitamins, proteins, amino acids, antioxidants and minerals that work wonders for your hair by keeping it hydrated and ensuring that your scalp is soothed and soft. Antioxidants provide anti-aging properties. Good source of growth-stimulating iodine, which gives you volume, thicker and fuller hair with softness and shine.</p><p>ORGULEX™ is our unique and patented formula for superior masculine hair and skin care containing zinc, amino acids and B-vitamins. <br>
Zinc alleviates skin and scalp irritation and dandruff, delivering a fresh feeling to the skin and scalp. <br>
The unique amino acid blend is a new technology for advanced masculine hair care. It effciently strengthens the hair fibre and structure and gives volume and shine while preventing hair loss and greying. <br>
B-vitamins together with D-Panthenol, a provitamin of vitamin B5, hydrates the hair fiber, skin and scalp while at the same time stimulating hair growth, and reversing hair loss.<br>

</p><p>Natural perfume with uplifting scent of cinnamon and citrus. <br>

</p><p>Our products are tested on us, not on animals.<br>

</p><p>For best result, combine with our other Finn &amp; Gunnar Nordic Masculinity products.</p><p><span>Our product boxes are FSC certiﬁed and use eco-friendly paper made by
replacing parts of virgin tree pulp with residues of organic products such as
by-products from citrus fruits, grapes, cherries, corn, olives, coffee, kiwi
fruits, hazelnuts and almonds.</span></p><p><span>Labels with Ecological certification. We use
mineral paper produced without trees, without water, without chlorine, without
PVC and zero toxic gas emission. Bottles are made from PCR50% PET, re-using
plastic that already has been produced.</span></p>

<p><span>Always recycle
- We encourage all users of our
product to dispose for correct recycling.</span></p><p><span>Tough On The Outside, Soft On The Inside.<br>
Great hair care for men requires great skin care at the same time.</span></p><p><strong>Style Your Hair With Nordic Care</strong><br>
Based on our legacy from four generations of hair care professionals and with more than 100 years of accumulated experience, FINN &amp; GUNNAR a Nordic brand that is well rooted in the tradition of using organic ingredients that care for your hair effectively, gently and naturally. Our products are handmade in Norway, the recipes are of course free of toxic and harmful substances, but where we highlight the bioactive components found in herbs and plants throughout the Nordic region. By combining Nordic traditions in phytotherapy with modern science in hair care, we have developed an organic and ethical product portfolio that is adapted to the demanding needs for hair care women and men have in the Nordic countries. All our products contain clean water from Norwegian rivers and lakes. We want our customers and dealers to be sure that our products live up to strict requirements with sustainability and quality. The products are manufactured according to standards that ensure the interests of both humans and animals,<br>

</p><p><strong>Extracting The Best Of Nordic Sea And Soil</strong><br>
Nature in its purest and nurturing form. Inspired by hundreds of years of phytotherapeutic tradition, people in the Nordic countries have learned to harvest and extract the best from soil and sea, with the aim of caring for their loved ones and building a healthy society, as well as ensuring a sustainable ecosystem.</p>";Scarlet Chronos;Haircare;Coloured hair, Dry hair, Hair, Hair care, Handemade, Made in Norway, Plantebased, Shampoo, Sustainable, Treated hair, Vegan, Vitalizing;101.39
finn-gunnar-nordic-masculinity-nourishing-shampoo-250-ml-667134562;;;;;;
finn-gunnar-nordic-masculinity-nourishing-shampoo-250-ml-667134562;;;;;;
finn-gunnar-nordic-masculinity-nourishing-shampoo-250-ml-667134562;;;;;;
organic-relaxation-bath-tea-or-sachet-1235497105;Organic Relaxation Bath Tea or Sachet;"<p>This ultra calming bath tea is sure to calm your body and mind and send you into a state of unparalleled relaxation. An intoxicating mix of aromatic herbs known for their calming effects take away the stress of the day and let you unwind. Ingredients and benefits: Organic Chamomile- Relaxes and induces deep sleep Organic Lavender- Treats insomnia, nervousness and anxiety Organic Neem- Promotes restful sleep Organic Nettle- Reduces pain and a mild sedative Organic Oatstraw- Restores nervous system Organic Pink Rose Petals- Sedative, induces sweet dreams * Powdered Cow's or Goat's milk may be added as well, adding to the relaxation as warm milk before bed does. Include in message and I'd be happy to add it. Tea can be steeped in 4x6 muslin bag it comes in or poured directly into bath for extra decadence. A bath strainer is recommended for this option and may be purchased for $2. Message and I'll create the listing. Shop Info: We believe that your skin is just as vital as any other organ in your body. Here at Butter Me Up Organics we like to say, ""Don't put anything on your body that you wouldn't put in it."" So, on that note, all of our products are completely edible. They may not be so tasty, however, but everything we use are non- toxic premium food grade ingredients. Can you say that about the products you're currently using? Other Info: Organic Completely cruelty free No sulfites, phthalates or parabens…ever No synthetic dyes or fragrances Completely all natural and safe Zero waste company Packaging upcycled when possible Everything is made with love &lt;3</p>";White Smokey;Bodycare;bath, bath tea, calm, chamomile, lavender, milk, Relax, relaxation, sachet, soak, stress, tired, unwind;40.76
organic-relaxation-bath-tea-or-sachet-1235497105;;;;;;
organic-relaxation-bath-tea-or-sachet-1235497105;;;;;;
natural-argan-shampoo-bar-1154791687;Natural Argan Shampoo Bar;"<p>Argan Shampoo (1) 5 oz bar</p><p>Argan oil is known for providing natural vitamin E and antioxidants while renewing your hair's cell structure, sealing in shine, and creating lush softness. </p><p><br></p><p>Treat your hair to a handcrafted shampoo bar that not only cleanses, but also nourishes and softens as you lather. Most commercial shampoos contain harsh synthetics that ‘cleanse’ by stripping your hair of everything, including natural oils. That not only leaves your hair dry and unmanageable, but also dull-looking. This natural shampoo bar is created with hair-loving ingredients, turning an ordinary routine into an indulgent experience, and leaving your hair nourished and naturally beautiful! It can also be used as a bath soap.</p><p><br></p><p>To ensure the long life of your soap, store the bar in a cool place, out of direct sunlight until you’re ready to use it. In your shower, store the bar away from the direct water stream, and out of any standing water.</p><p><br></p><p>To get a good lather, swipe the soap bar across your wet hair a few times and lather and scrub. Then rinse.</p><p>Ingredients: saponified distilled water, coconut oil, palm oil (organic &amp; sustainably harvested), castor oil, avocado oil, organic jojoba oil, organic cocoa butter, organic shea butter, wheat germ oil, organic argan oil, essential oils</p><p><br></p><p>***************************</p><p>Other shampoo bars you may like -</p><p>***************************</p><p>TESTIMONIALS for my Shampoo Bars</p><p><br></p><p>This is the first time using a shampoo bar and I'm pretty impressed. This scent is sooo amazing and my hair feels so much thicker after using this. Awesome seller. Quick shipping and great communication! Wonderful products :)</p><p><br></p><p>Gets your hair squeaky clean -- literally! Quick shipping; thanks!</p><p><br></p><p>My favorite shampoo bar! Leaves my hair clean, soft and shiny with no weird residue like others I've tried. Smells great too!</p><p><br></p><p>Love this!!! Love the way my hair feels after switching to homemade bar shampoo. I will never go back to store bought again!</p><p><br></p><p>Absolutely divine, your shampoo actually leaves my hair feeling great, the other bar shampoo's I have tried it takes weeks to get used to and leaves my hair rather oily. Love your moisturizer too, the texture and smells are wonderful</p><p><br></p><p>This bar smells fantastic and comes in a great size. This is my first experience with a shampoo bar so my hair still seems to be adjusting but already has more volume. The shipping was extremely fast as well! Thank you for the free charcoal 's lovely!</p><p>**************************</p><p><br></p><p><br></p>";Maroon Oliver;Haircare;argan oil, argan shampoo bar, Bath And Beauty, cold process soap, conditioning shampoo bar, essential oils, hair care, handmade soap, natural hair care, natural shampoo bar, natural soap, shampoo, shampoo soap bar;50.55
champu-solido-cabello-seco-50g-shampoo-bar-dry-hair-802513540;Champú sólido Cabello seco 50g - Shampoo bar dry hair;"<p>El champú sólido natural para cabello seco Jabonalia ha sido formulado con ingredientes naturales como el Aceite de Argán y aceite de Romero que proporcionan hidratación, fortalece el cabello y tiene propiedades antibacterianas y antifúngicas. Es útil en problemas de caspa seca persistente. Ayuda a hidratar el cuero cabello. Sus ingredientes aportan múltiples beneficios y mantienen el cabello hidratado y saludable.</p><p><br>

MODO DE USO: Humedecer el cabello y pasar la pastilla de champú de raíz hasta las puntas, cuando se consiga la cantidad de espuma deseada, masajear unos minutos el cuero cabelludo para activar la microcirculación. De esta manera, ayudaremos a que los ingredientes actuen mejor y conseguir mejor resultado. Al finalizar la aplicación, aclarar con abundante agua. Conservar la pastilla de jabón en algún lugar seco para evitar la humedad en el producto.</p><p><br>

Ingredients: Sodium Cocoyl Isethionate, Zea Mays Starch, Aqua, Cocamidopropyl Betaine, Cetearyl Alcohol, Parfum, Argania Spinosa Kernel Oil, Limonene, Hexyl Cinnamal, Linalool, Alpha-Isomethyl Ionone, Rosmarinus Officinalis Leaf Oil, CI 15985</p><p><br>

* Procedente de los aceites esenciales contenidos en el perfume<br>

Peso aprox: 50g</p>";Gray Castor;Haircare;champu anticaida, champu fortificante, champu natural, champu solido, shampoo bar;40.31
hemp-oil-shampoo-bar-1219077397;ZERO WASTE | HEMP SEED OIL;"<div data-mce-fragment=""1"">
<div style=""text-align: center;"" data-mce-fragment=""1""><span style=""text-decoration: underline;""><strong>HEMP OIL SHAMPOO BAR</strong></span></div>
</div>
<div data-mce-fragment=""1"">
<span data-mce-fragment=""1""><strong data-mce-fragment=""1""></strong></span><br data-mce-fragment=""1"">
</div>
<div data-mce-fragment=""1""><br data-mce-fragment=""1""></div>
<div data-mce-fragment=""1"">
<div class=""vc_single_image-wrapper   vc_box_border_grey"" style=""text-align: center;"" data-mce-fragment=""1""><br></div>
<div class=""vc_single_image-wrapper   vc_box_border_grey"" style=""text-align: center;"" data-mce-fragment=""1"">Our range of shampoo bars makes the most of the natural ingredients to nourish and revitalize your hair.</div>
<div class=""vc_single_image-wrapper   vc_box_border_grey"" style=""text-align: center;"" data-mce-fragment=""1""><br data-mce-fragment=""1""></div>
<div class=""vc_single_image-wrapper   vc_box_border_grey"" style=""text-align: center;"" data-mce-fragment=""1""><span data-mce-fragment=""1""><strong data-mce-fragment=""1"">Suitable for all hair types</strong></span></div>
<div class=""vc_single_image-wrapper   vc_box_border_grey"" data-mce-fragment=""1"">
<span data-mce-fragment=""1""><strong data-mce-fragment=""1""></strong></span><br data-mce-fragment=""1"">
</div>
<div class=""vc_single_image-wrapper   vc_box_border_grey"" data-mce-fragment=""1"">
<div class=""vc_single_image-wrapper   vc_box_border_grey"" data-mce-fragment=""1"">
<strong data-mce-fragment=""1"">Why use a shampoo bar?</strong><br data-mce-fragment=""1""><br data-mce-fragment=""1""><strong>It's SLS Free (Sodium Lauryl Sulfate).</strong>
</div>
<div class=""vc_single_image-wrapper   vc_box_border_grey"" data-mce-fragment=""1"">Shampoo bars offer a low carbon footprint. These solid bars are more lightweight and compact than their bottled counterparts, so they require less space during transport relative to the same amount of washes with liquid shampoo.<br data-mce-fragment=""1"">They Last A lot Longer in some cases up to 50-75 washes for short hair.<br data-mce-fragment=""1"">
</div>
<div class=""vc_single_image-wrapper   vc_box_border_grey"" data-mce-fragment=""1""><br data-mce-fragment=""1""></div>
<div class=""vc_single_image-wrapper   vc_box_border_grey"" data-mce-fragment=""1"">
<strong data-mce-fragment=""1"">How often should I wash my hair with a shampoo bar?</strong><br data-mce-fragment=""1""><br data-mce-fragment=""1"">If you are ready to start using a shampoo bar for the first time, I suggest you apply this after your shampoo every 2/3 days until your hair has properly transitioned and got used to the ingredients of your new shampoo.<br data-mce-fragment=""1"">give it time then use as you would a normal liquid shampoo.<br data-mce-fragment=""1""><br data-mce-fragment=""1"">All our shampoo bars will leave your hair feeling clean, revitalized, and healthy, with olive oils, coconut oils, Vitamin E, Aloe Vera, And many more Healthy oils &amp; Botanicals embedded in our shampoo bars.<br data-mce-fragment=""1"">
</div>
<div class=""vc_single_image-wrapper   vc_box_border_grey"" data-mce-fragment=""1""><br></div>
<div class=""vc_single_image-wrapper   vc_box_border_grey"" style=""text-align: center;"" data-mce-fragment=""1""><strong>WASHES UP TO 30 -50 | WEIGHT 110G | SUITABILITY FOR ALL HAIR TYPES</strong></div>
<div class=""vc_single_image-wrapper   vc_box_border_grey"" style=""text-align: center;"" data-mce-fragment=""1""><br></div>
<div class=""vc_single_image-wrapper   vc_box_border_grey"" style=""text-align: center;"" data-mce-fragment=""1"">What's inside?
<table width=""100%"" data-mce-fragment=""1"">
<tbody data-mce-fragment=""1"">
<tr data-mce-fragment=""1"">
<td style=""width: 15.9176%;"" data-mce-fragment=""1"">Coconut Oil <br>
</td>
<td style=""width: 81.0861%;"" data-mce-fragment=""1"">reduces inflammation, keeps skin moisturised, helping heal wounds. The medium-chain fatty acids found in coconut oil also possess antimicrobial properties that can help treat acne and protect the skin from harmful bacteria.<br>
</td>
</tr>
<tr data-mce-fragment=""1"">
<td style=""width: 15.9176%;"" data-mce-fragment=""1"">Hemp Seed Oil<br>
</td>
<td style=""width: 81.0861%;"" data-mce-fragment=""1"">
<br> hemp oil is a great weapon against hair loss, thinning hair, and hair regrowth. These fatty acids are needed for new hair growth. Hemp seed oil can also improve blood circulation in the scalp, thereby stimulating new hair growth.<br>
</td>
</tr>
<tr data-mce-fragment=""1"">
<td style=""width: 15.9176%;"" data-mce-fragment=""1"">Vitamin E Oil<br>
</td>
<td style=""width: 81.0861%;"" data-mce-fragment=""1"">When applied topically to your hair, there are several purported benefits of using vitamin E oil: It can stimulate capillary growth in your scalp, in turn, supports hair growth; it prevents breakage and pesky split ends; its antioxidants even boost hair's elasticity and shine.<br>
</td>
</tr>
<tr data-mce-fragment=""1"">
<td style=""width: 15.9176%;"" data-mce-fragment=""1""> Flaxseed Oil<br data-mce-fragment=""1"">
</td>
<td style=""width: 81.0861%;"" data-mce-fragment=""1"">Vitamin E in flaxseed oil helps to treat hair loss and stimulate new hair growth. Lignans act as strong antioxidants that can help in the regrowth of healthier and stronger hair And nourish the scalp from within, providing relief from dandruff.<br>
</td>
</tr>
</tbody>
</table>
</div>
<div class=""vc_single_image-wrapper   vc_box_border_grey"" data-mce-fragment=""1"">
<p><span>Additional Information:</span><br><span>All FS products are formulated to comply with the EU and UK Cosmetics Safety Regulations (EC (No) 1223/2009).</span><br><br><span>An important part of meeting the Regulations is the requirement to ensure our products are safe for the user.</span><br><span>Any ingredients that are listed as prohibited by law cannot be used.</span><br><span>In addition, it is a requirement of the legislation that all of our products have a valid Cosmetic Product Safety Report.</span><br><span>This is created by a highly qualified Toxicologist and Safety Assessor, who holds a Ph.D. in Toxicology and is a Member of the Royal Society of Biology, and has many years’ experience in the industry.</span></p>
<p> <br></p>
<table width=""100%"">
<tbody>
<tr>
<td>INGREDIENTS<br data-mce-fragment=""1""> Aqua, Glycerin, Sodium Stearate, Sorbitol, Sodium Laurate, Propylene Glycol, Sodium Laureth Sulfate, Sodium Chloride, Disodium Lauryl Sulfosuccinate, Titanium Dioxide, Stearic Acid, Lauric Acid, Pentasodium Pentetate, Tetrasodium Etidronate, Polyquaternium-7, Aloe Barbadensis Leaf Juice Powder, Sodium Benzoate, Vitamin E (Tocopherol, Helianthus Annuus Seed Oil), Cannabis Sativa Seed Oil, Linum Usitatissimum Seed Oil, Cocos Nucifera Oil, Fragrance Oil Lemon Lavender. No Added Coloring.<br data-mce-fragment=""1"">
</td>
</tr>
</tbody>
</table>
</div>
<div class=""vc_single_image-wrapper   vc_box_border_grey"" data-mce-fragment=""1""><br data-mce-fragment=""1""></div>
<div class=""vc_single_image-wrapper   vc_box_border_grey"" data-mce-fragment=""1""><br></div>
</div>
</div>";Silver Polyxena;Haircare;Shampoo Bar;202.98
hemp-oil-shampoo-bar-1219077397;;;;;;